{
	"IcoMoonType": "selection",
	"icons": [
		{
			"icon": {
				"paths": [
					"M0 402.286q0-14.857 10.857-25.714t25.714-10.857h512q14.857 0 25.714 10.857t10.857 25.714-10.857 25.714l-256 256q-10.857 10.857-25.714 10.857t-25.714-10.857l-256-256q-10.857-10.857-10.857-25.714z"
				],
				"width": 585,
				"tags": [
					"caret-down"
				],
				"defaultCode": 61655,
				"grid": 14
			},
			"properties": {
				"id": 190,
				"order": 3,
				"prevSize": 28,
				"code": 61655,
				"name": "caret-down",
				"ligatures": ""
			},
			"setIdx": 0,
			"iconIdx": 190
		},
		{
			"icon": {
				"paths": [
					"M0 694.857q0-14.857 10.857-25.714l256-256q10.857-10.857 25.714-10.857t25.714 10.857l256 256q10.857 10.857 10.857 25.714t-10.857 25.714-25.714 10.857h-512q-14.857 0-25.714-10.857t-10.857-25.714z"
				],
				"width": 585,
				"tags": [
					"caret-up"
				],
				"defaultCode": 61656,
				"grid": 14
			},
			"properties": {
				"id": 191,
				"order": 4,
				"prevSize": 28,
				"code": 61656,
				"name": "caret-up",
				"ligatures": ""
			},
			"setIdx": 0,
			"iconIdx": 191
		},
		{
			"icon": {
				"paths": [
					"M960.004 288.006l-223.998-223.998 64-64 223.998 223.998zM896 352l-32 352c-288 0-704 320-704 320l-53.13-53.13 273.664-273.664c10.974 4.368 22.934 6.794 35.466 6.794 53.020 0 96-42.98 96-96 0-53.020-42.98-96-96-96-53.020 0-96 42.98-96 96 0 12.532 2.426 24.49 6.794 35.466l-273.664 273.664-53.13-53.13c0 0 320-416 320-704l352-32 224 224z"
				],
				"tags": [
					"pen",
					"blog",
					"write",
					"edit",
					"note"
				],
				"grid": 16
			},
			"properties": {
				"id": 8,
				"order": 1,
				"prevSize": 32,
				"code": 58880,
				"name": "pen",
				"ligatures": ""
			},
			"setIdx": 3,
			"iconIdx": 8
		},
		{
			"icon": {
				"paths": [
					"M1024 397.050l-353.78-51.408-158.22-320.582-158.216 320.582-353.784 51.408 256 249.538-60.432 352.352 316.432-166.358 316.432 166.358-60.434-352.352 256.002-249.538z"
				],
				"tags": [
					"star",
					"rate",
					"favorite",
					"bookmark"
				],
				"grid": 16
			},
			"properties": {
				"id": 208,
				"order": 2,
				"prevSize": 32,
				"code": 58881,
				"name": "star",
				"ligatures": ""
			},
			"setIdx": 3,
			"iconIdx": 208
		}
	],
	"height": 1024,
	"metadata": {
		"name": "icomoon"
	},
	"preferences": {
		"showGlyphs": true,
		"showQuickUse": true,
		"fontPref": {
			"prefix": "icon-",
			"metadata": {
				"fontFamily": "icomoon"
			},
			"metrics": {
				"emSize": 512,
				"baseline": 6.25,
				"whitespace": 50
			}
		},
		"imagePref": {},
		"historySize": 100,
		"showCodes": true,
		"search": ""
	}
}